{
    "a": 26.950998,
    "b": 2.857159,
    "c": 17.424747,
    "d": 0.134534,
    "e": 1.660027,
    "f": 1.72419,
    "x0": 0.113035,
    "y0": 0.118329,
    "z0": 0.201744,
    "u0": 0.019451,
    "v0": 0.417782,
    "w0": 0.269769,
    "h": 0.001,
    "quant_seed": 79880
}