{
    "a": 28.517397,
    "b": 1.316956,
    "c": 20.983347,
    "d": 0.113034,
    "e": 1.436157,
    "f": 1.191647,
    "x0": 0.074196,
    "y0": 0.293494,
    "z0": 0.179007,
    "u0": 0.413096,
    "v0": 0.250128,
    "w0": 0.088006,
    "h": 0.001,
    "quant_seed": 87242
}