{
    "a": 24.000411,
    "b": 3.189817,
    "c": 17.236154,
    "d": 0.456615,
    "e": 1.050331,
    "f": 1.924719,
    "x0": 0.158818,
    "y0": 0.177864,
    "z0": 0.052183,
    "u0": 0.02524,
    "v0": 0.091299,
    "w0": 0.415946,
    "h": 0.001,
    "quant_seed": 60150
}