{
    "a": 33.95509,
    "b": 4.84697,
    "c": 28.797706,
    "d": 0.795457,
    "e": 1.180934,
    "f": 1.456275,
    "x0": 0.278401,
    "y0": 0.280755,
    "z0": 0.175351,
    "u0": 0.204704,
    "v0": 0.299448,
    "w0": 0.45054,
    "h": 0.001
}