{
    "a": 24.942002,
    "b": 2.706871,
    "c": 20.582579,
    "d": 0.45899,
    "e": 1.827127,
    "f": 1.19836,
    "x0": 0.402587,
    "y0": 0.475092,
    "z0": 0.273467,
    "u0": 0.091422,
    "v0": 0.206671,
    "w0": 0.291897,
    "h": 0.001,
    "quant_seed": 43829
}