{
    "a": 32.633152,
    "b": 3.430809,
    "c": 20.009768,
    "d": 0.185264,
    "e": 1.645415,
    "f": 1.856338,
    "x0": 0.226355,
    "y0": 0.457606,
    "z0": 0.374888,
    "u0": 0.235676,
    "v0": 0.468697,
    "w0": 0.279954,
    "h": 0.001,
    "quant_seed": 23874
}