{
    "a": 22.74588,
    "b": 2.686884,
    "c": 17.54135,
    "d": 0.276527,
    "e": 1.467199,
    "f": 1.785522,
    "x0": 0.05713,
    "y0": 0.122496,
    "z0": 0.055556,
    "u0": 0.336087,
    "v0": 0.088967,
    "w0": 0.205088,
    "h": 0.001,
    "quant_seed": 58571
}